Name,Team,Age,G,GS,MP,FG,FGA,FG%,3P,3PA,3P%,2P,2PA,2P%,FT,FTA,FT%,ORB,DRB,TRB,AST,STL,BLK,TOV,PF,PTS,ORTG,DRTG,USG%
D. Murray,ATL,27,78,78,2783,11.6,25.2,0.459,3.5,9.5,0.363,8.1,15.7,0.518,3.6,4.5,0.794,1.1,6.1,7.2,8.7,1.9,0.4,3.5,2.4,30.2,114,119,35.819823906704535
Bogdan Bogdanovic,ATL,31,79,33,2401,9.4,22,0.428,4.8,12.8,0.374,4.6,9.2,0.503,3,3.3,0.921,1.1,4.4,5.4,4.9,1.9,0.5,2.2,3.6,26.6,116,120,35.15951352
S. Bey,ATL,24,63,51,2062,6.7,16.2,0.416,2.6,8.3,0.316,4.1,7.9,0.522,4,4.7,0.837,3.9,5.7,9.6,2.1,1.2,0.3,1.3,2,20.1,120,121,24.90491266158542
T. Young,ATL,25,54,54,1942,10.7,24.9,0.43,4.3,11.6,0.373,6.4,13.3,0.479,8.6,10.1,0.855,0.6,3.1,3.7,14.4,1.8,0.3,5.8,2.7,34.3,117,122,40.70824872475872
J. Johnson,ATL,22,56,52,1889,9.1,17.8,0.511,1.8,5.1,0.355,7.3,12.7,0.574,2.7,3.7,0.728,1.9,10.5,12.4,5.2,1.7,1.2,2.6,3.4,22.7,117,116,27.203064530848632
C. Capela,ATL,29,73,73,1883,9,15.7,0.571,0,0,0,9,15.7,0.572,3.3,5.2,0.631,8.5,11.2,19.8,2.3,1.1,2.7,1.9,4.2,21.3,128,115,32.11813700017641
D. Hunter,ATL,26,57,37,1681,8.7,18.9,0.459,3.3,8.7,0.385,5.3,10.2,0.521,4.7,5.6,0.847,0.9,5.4,6.3,2.5,1.1,0.5,2.4,4.2,25.4,115,121,33.56706586935162
O. Okongwu,ATL,23,55,8,1405,7.6,12.5,0.611,0.8,2.4,0.333,6.8,10.1,0.676,3.1,4,0.793,4.9,7.9,12.8,2.5,0.9,2,1.5,5.5,19.2,138,118,25.69977217
J. Tatum,BOS,25,74,74,2645,12.6,26.6,0.471,4.3,11.4,0.376,8.3,15.3,0.542,7.7,9.3,0.833,1.3,10,11.2,6.8,1.4,0.8,3.5,2.7,37.1,121,111,41.67831624071043
D. White,BOS,29,73,73,2381,8,17.4,0.461,4.1,10.3,0.396,4,7.1,0.555,2.8,3.2,0.901,1.1,5.4,6.4,7.8,1.5,1.8,2.3,3.2,23,126,112,28.196173071471986
J. Brown,BOS,27,70,70,2343,13.2,26.5,0.499,3.1,8.6,0.354,10.2,17.8,0.57,4.4,6.3,0.703,1.8,6.4,8.2,5.3,1.8,0.8,3.5,3.9,34,113,112,42.658768620775255
J. Holiday,BOS,33,69,69,2263,7.2,15,0.48,3,7,0.429,4.2,8,0.526,1.3,1.6,0.833,1.8,6.3,8.1,7.3,1.3,1.2,2.7,2.4,18.8,121,113,24.448734187338314
P. Pritchard,BOS,26,82,5,1825,8,17.2,0.468,4,10.3,0.385,4.1,6.8,0.593,1.2,1.5,0.821,1.9,5.3,7.2,7.6,1.1,0.2,1.7,2.9,21.3,129,115,38.29124184945382
S. Hauser,BOS,26,79,13,1741,7.1,15.8,0.446,5.6,13.2,0.424,1.5,2.6,0.559,0.5,0.5,0.895,1.3,6.6,7.8,2.3,1.1,0.7,0.9,2.8,20.2,126,114,33.45093768847365
A. Horford,BOS,37,65,33,1740,6.1,11.9,0.511,3.1,7.3,0.419,3,4.6,0.658,0.7,0.9,0.867,2.3,9.4,11.7,4.8,1.1,1.8,1.4,2.6,16,135,111,22.291406577557915
K. Porzingis,BOS,28,57,57,1690,11.3,22,0.516,3.2,8.6,0.375,8.1,13.4,0.606,7.6,8.8,0.858,2.8,9.1,12,3.4,1.2,3.2,2.6,4.6,33.5,128,109,41.83942847843197
L. Kornet,BOS,28,63,7,983,7.1,10.2,0.7,0.1,0.1,1,7.1,10.2,0.698,2.5,2.7,0.907,5.9,7.2,13.1,3.4,1.2,3.1,1.1,3.9,16.8,157,110,34.87060955436154
Mikal Bridges,BRK,27,82,82,2854,9.8,22.5,0.436,3.8,10.3,0.372,6,12.2,0.49,4.5,5.5,0.814,1.2,5.3,6.5,5.2,1.4,0.5,2.8,2,27.9,112,118,34.531024767185066
N. Claxton,BRK,24,71,71,2116,8.6,13.6,0.629,0,0.1,0.2,8.5,13.5,0.633,2.5,4.6,0.551,4.5,12,16.5,3.4,1.1,3.4,2.2,4.1,19.7,124,111,25.93010147102646
C. Thomas,BRK,22,66,51,2075,12.6,28.4,0.442,3.4,9.5,0.364,9.1,19,0.481,6.8,8,0.856,0.7,4.4,5.1,4.6,1.1,0.4,3,3.3,35.4,110,119,48.156667652061515
D. Finney-Smith,BRK,30,68,56,1934,5.5,13.1,0.421,3,8.6,0.348,2.5,4.5,0.56,0.8,1.2,0.717,2.8,5.3,8.1,2.7,1.4,1,1.5,3.8,14.9,113,117,23.061646789091604
C. Johnson,BRK,27,58,47,1599,8.5,19.2,0.446,4.3,10.9,0.391,4.3,8.2,0.519,2.7,3.4,0.789,1.7,6.1,7.8,4.3,1.5,0.5,1.8,3.3,24,118,117,35.378644604418064
S. Dinwiddie,BRK,30,48,48,1474,6.6,16.8,0.391,3,9.3,0.32,3.6,7.4,0.48,4.2,5.4,0.781,0.9,4.4,5.3,9.7,1.3,0.3,2.1,2.9,20.3,118,119,30.039319696184332
R. O'Neale,BRK,30,49,6,1202,5.2,13.4,0.388,4,10.9,0.366,1.2,2.5,0.483,0.6,0.9,0.682,1.6,7.5,9.1,5.6,1.3,1.2,2.1,4.9,15,112,116,28.09543909184909
D. Smith,BRK,26,56,2,1059,6.9,15.8,0.435,1.5,5.1,0.294,5.4,10.7,0.502,2,2.7,0.741,2.3,5.3,7.7,9.5,3.2,0.6,3.2,5.7,17.3,110,114,46.28515478169628
D. Schroder,BRK,30,29,25,927,8.3,19.7,0.424,3.3,7.9,0.412,5.1,11.8,0.432,2.7,3.4,0.797,0.9,4.5,5.4,9.3,0.9,0.5,3.7,3.2,22.7,109,120,33.76791115444318
Miles Bridges,CHO,25,69,67,2581,10.7,23.1,0.462,3,8.6,0.349,7.7,14.5,0.529,3.3,4,0.825,1.4,8.3,9.7,4.4,1.2,0.6,2.6,2.3,27.7,108,120,32.448867463856764
B. Miller,CHO,21,74,68,2383,9.9,22.4,0.44,3.8,10.2,0.373,6,12.2,0.495,3,3.6,0.827,1.2,5.3,6.5,3.6,1.4,0.9,2.7,3.8,26.5,105,121,36.62659395388981
N. Richards,CHO,26,67,51,1759,7.3,10.5,0.691,0,0,0,7.3,10.5,0.693,3.7,5,0.737,4.8,10.3,15.1,1.5,0.7,2.1,2,4.9,18.3,134,118,24.74937422362073
P. Washington,CHO,25,44,17,1286,8.7,19.5,0.446,3,9.4,0.324,5.7,10.2,0.558,2.6,3.6,0.713,2,6.9,8.9,3.7,1.5,1.2,2.5,4.3,23,106,119,35.66704244182748
T. Rozier,CHO,29,30,30,1065,11.7,25.4,0.459,3.8,10.8,0.358,7.8,14.7,0.533,5.1,6,0.845,0.8,4.6,5.4,9.2,1.5,0.6,3,2.4,32.3,116,121,38.64837906
G. Williams,CHO,25,29,10,888,8.1,16,0.503,2.6,7,0.373,5.4,9,0.605,3.6,4.7,0.765,2.2,6.1,8.3,5.2,1.1,0.7,3.1,4.9,22.3,116,121,30.556441997284004
Tre Mann,CHO,22,28,28,868,7.1,15.7,0.453,2.2,6.1,0.364,4.9,9.6,0.509,2.5,3.3,0.759,0.9,6.2,7.1,8.2,2.7,0.2,3.2,2.6,18.9,109,118,29.019058942491892
G. Hayward,CHO,33,25,25,798,8.6,18.4,0.468,1.4,3.8,0.361,7.2,14.6,0.496,3.8,5,0.765,1.5,5.7,7.2,7.2,1.7,0.7,3.2,2.8,22.4,109,120,32.95732835148152
Cody Martin,CHO,28,28,22,753,5.4,14.1,0.381,1.8,5.6,0.314,3.6,8.5,0.426,1.3,2.2,0.606,1.2,5.9,7.1,6.8,2.1,1.2,2.9,3.1,13.8,96,118,29.532534402243403
V. Micic,CHO,30,30,21,815,7.4,16.9,0.437,1.9,6.6,0.294,5.4,10.3,0.529,2.8,3.4,0.839,0.8,3.1,3.9,11.3,1.3,0.2,4.2,2.8,19.6,107,123,36.76487862
I. Smith,CHO,35,43,5,741,4.4,10.5,0.418,0.3,0.5,0.5,4.1,10,0.413,0.2,0.3,0.75,0.7,4.3,5.1,9.7,1.1,0.3,3.1,3.3,9.3,97,123,35.22264509623421
D. DeRozan,CHI,34,79,79,2989,10.8,22.6,0.48,1.3,3.8,0.333,9.6,18.8,0.509,8.7,10.2,0.853,0.7,5,5.7,7,1.5,0.8,2.3,2.7,31.6,122,118,34.090542201766375
C. White,CHI,23,79,78,2881,9.4,20.9,0.447,3.6,9.6,0.376,5.7,11.3,0.508,3.8,4.5,0.838,0.8,5.4,6.2,7,0.9,0.3,2.9,3.2,26.1,115,120,31.026261405789697
N. Vucevic,CHI,33,76,74,2610,11.2,23.1,0.484,1.8,6,0.294,9.4,17.2,0.55,2,2.5,0.822,4,11.3,15.3,4.9,1,1.1,2.3,3.6,26.2,114,115,33.867384633284374
A. Dosunmu,CHI,24,76,37,2212,8.1,16.2,0.501,2.7,6.6,0.403,5.4,9.6,0.568,1.9,2.4,0.81,1.2,3.7,4.9,5.5,1.5,0.8,2.3,3.7,20.8,118,119,29.48975737570386
A. Caruso,CHI,29,71,57,2040,6.2,13.2,0.468,3.3,8.1,0.408,2.9,5.1,0.563,1.8,2.3,0.76,1.5,5.2,6.7,6,2.9,1.7,2.5,4.4,17.5,119,113,25.52814803
A. Drummond,CHI,30,79,10,1351,9.9,17.7,0.556,0,0.1,0,9.9,17.6,0.56,4.8,8,0.592,9.8,16.3,26.1,1.4,2.7,1.8,3,5.2,24.5,119,107,62.15965312727406
P. Williams,CHI,22,43,30,1174,6.8,15.2,0.443,2.5,6.3,0.399,4.2,9,0.474,2.2,2.8,0.788,2,5.1,7,2.8,1.7,1.4,2.4,3.7,18.2,107,117,30.273281926630485
T. Craig,CHI,33,53,14,1049,5.1,11.9,0.43,2.9,7.3,0.392,2.3,4.7,0.49,1.3,1.7,0.75,3.3,7,10.3,2.8,1.4,1,1.5,5.2,14.4,119,117,31.37315056535938
Z. LaVine,CHI,28,25,23,872,9.7,21.5,0.452,3.4,9.7,0.349,6.3,11.8,0.536,5,5.9,0.854,0.5,6.9,7.4,5.6,1.2,0.5,3,3.3,27.8,113,118,34.09505603836882
J. Allen,CLE,25,77,77,2442,10.5,16.6,0.634,0,0.1,0,10.5,16.4,0.638,4.7,6.4,0.742,4.9,11.5,16.4,4.2,1.1,1.6,2.4,3,25.7,131,110,30.29090701063878
M. Strus,CLE,27,70,70,2239,6.7,16.1,0.418,3.7,10.6,0.351,3,5.5,0.546,1.7,2.1,0.794,1.5,6,7.5,6.2,1.4,0.6,2.5,3.8,18.8,112,114,26.878487878892244
C. LeVert,CLE,29,68,10,1958,8.7,20.7,0.421,2.7,8.4,0.325,6,12.3,0.486,3.9,5.1,0.766,1,6.1,7.1,8.7,1.9,0.9,3,3.1,24,110,113,39.67575941730962
Donovan Mitchell,CLE,27,55,55,1942,12.8,27.7,0.462,4.6,12.6,0.368,8.2,15.1,0.539,7,8.1,0.865,1.2,6,7.1,8.5,2.6,0.8,3.9,3,37.2,117,111,43.85345576363442
D. Garland,CLE,24,57,57,1901,9.7,21.9,0.446,3.4,9.3,0.371,6.3,12.6,0.501,3.8,4.5,0.834,0.8,3.2,4,9.7,1.9,0.2,4.6,2.5,26.7,108,115,37.603200557430355
I. Okoro,CLE,23,69,42,1887,6.2,12.6,0.49,2.2,5.6,0.391,4,6.9,0.57,2.4,3.6,0.679,1.8,3.6,5.4,3.5,1.5,0.9,1.4,3.7,16.9,121,115,25.092747551648035
G. Niang,CLE,30,82,10,1831,7.7,17.1,0.449,4,10.7,0.376,3.6,6.4,0.572,1.4,1.6,0.85,0.6,6.9,7.5,2.6,0.8,0.5,1.9,5.2,20.7,109,115,38.85724397362017
E. Mobley,CLE,22,50,50,1532,10.3,17.8,0.58,0.7,1.9,0.373,9.6,15.9,0.604,4,5.5,0.719,3.6,11.5,15.1,5.2,1.5,2.3,2.9,4.3,25.3,122,109,33.22700188064652
L. Doncic,DAL,24,70,70,2624,14.7,30.2,0.487,5.2,13.6,0.382,9.5,16.6,0.573,8.7,11.1,0.786,1.1,10.8,11.8,12.5,1.8,0.7,5.2,2.7,43.3,122,113,46.087409156461725
T. Hardaway,DAL,31,79,12,2120,8.9,22.1,0.402,4.8,13.5,0.353,4.1,8.6,0.478,3.3,3.8,0.852,0.5,5.3,5.7,3.1,1,0.1,1.6,2.4,25.8,109,119,40.54725245298952
K. Irving,DAL,31,58,58,2030,13.3,26.7,0.497,4.1,9.9,0.411,9.2,16.8,0.548,4.5,5,0.905,1,5.8,6.9,7.1,1.7,0.7,2.5,2.6,35.1,122,116,38.47486473663363
D. Jones,DAL,26,76,66,1783,6.4,13.3,0.483,2.2,6.4,0.343,4.2,6.9,0.613,2.6,3.7,0.713,2.2,4.5,6.7,2,1.4,1.4,1.7,3.3,17.7,116,116,30.396092880680932
Josh Green,DAL,23,57,33,1505,5.7,11.9,0.479,2.3,6,0.385,3.4,6,0.572,1.2,1.8,0.684,1.3,4.6,5.9,4.1,1.5,0.3,1.9,3.4,15,115,117,23.701109387873355
D. Lively,DAL,19,55,42,1294,8.2,11,0.747,0,0.1,0,8.2,10.9,0.752,1.5,3,0.506,5,9,14,2.2,1.3,2.9,1.9,5.3,17.9,139,112,25.92050792654586
G. Williams,DAL,25,47,33,1242,5.1,12.2,0.413,3.1,8.1,0.376,2,4.1,0.486,1.6,2.1,0.745,1.8,4.8,6.5,3.1,0.9,1,2,5.3,14.8,110,118,24.544739589049232
D. Exum,DAL,28,55,17,1088,7.1,13.3,0.533,2.3,4.8,0.491,4.8,8.6,0.557,2.3,3,0.779,1.1,5.5,6.6,6.9,1,0.2,2.2,3.7,18.9,128,118,36.46492154935989
P. Washington,DAL,25,29,28,935,6.5,15.5,0.421,2.7,8.7,0.314,3.8,6.8,0.556,1.6,2.6,0.627,1.6,7.5,9.2,2.3,1.7,1.4,1.5,2.9,17.4,106,114,24.134311964583354
M. Kleber,DAL,32,43,7,871,3.5,8,0.432,1.8,5.1,0.348,1.7,3,0.574,1.8,2.6,0.702,1.7,6.2,7.9,3.7,0.9,1.7,1.5,4.4,10.5,118,116,22.535679857195262
N. Jokic,DEN,28,79,79,2737,14.9,25.6,0.583,1.5,4.2,0.359,13.4,21.4,0.626,6.5,7.9,0.817,4,13.6,17.7,12.8,2,1.2,4.3,3.5,37.8,131,108,42.03797474
M. Porter,DEN,25,81,81,2565,10.1,20.9,0.484,4.3,10.7,0.397,5.8,10.1,0.575,1.8,2.1,0.836,2,8.9,10.9,2.4,0.8,1,1.8,2.9,26.2,117,114,32.55414455938947
K. Caldwell-Pope,DEN,30,76,76,2402,5.6,12.1,0.46,2.6,6.4,0.406,3,5.8,0.52,2.1,2.3,0.894,0.6,3.1,3.8,3.8,2,0.9,1.5,3.1,15.8,119,115,20.174624354613883
A. Gordon,DEN,28,73,73,2297,8.6,15.5,0.556,0.9,3,0.29,7.7,12.5,0.619,3.8,5.8,0.658,3.8,6.4,10.2,5.6,1.2,1,2.3,3.1,21.9,125,114,28.22436391825176
J. Murray,DEN,26,59,59,1861,12.6,26.3,0.481,3.9,9.1,0.425,8.8,17.2,0.51,4.2,4.9,0.853,1.1,5.3,6.4,10.2,1.5,1,3.3,2.8,33.3,119,114,43.932572668488085
R. Jackson,DEN,33,82,23,1817,8.9,20.6,0.431,2.8,7.7,0.359,6.1,12.9,0.475,2.2,2.7,0.806,0.9,3.3,4.2,8.4,1.2,0.4,2.9,4.1,22.7,109,117,48.61833010934216
C. Braun,DEN,22,82,4,1655,6.6,14.5,0.46,1.9,4.9,0.384,4.8,9.6,0.498,2.8,4,0.694,2.4,6.8,9.2,4,1.3,1,1.6,4.1,18,116,114,38.61468648351807
P. Watson,DEN,21,80,4,1488,6.9,14.9,0.465,1.5,5.1,0.296,5.4,9.8,0.553,2.4,3.5,0.67,1.9,6.7,8.6,2.9,1.4,2.9,1.9,4.8,17.7,108,111,43.02705200001963
J. Ivey,DET,21,77,61,2217,9,21.1,0.429,2.7,8,0.336,6.4,13.1,0.485,4.9,6.6,0.749,1.9,3.9,5.7,6.4,1.2,0.9,4.1,4.4,25.7,104,121,41.61516900264654
C. Cunningham,DET,22,62,62,2074,12.2,27.1,0.449,2.8,7.8,0.355,9.4,19.3,0.487,5.5,6.4,0.869,0.8,5.5,6.2,10.8,1.3,0.5,4.9,3.5,32.6,108,120,44.37315460556109
J. Duren,DET,20,61,60,1777,9.4,15.3,0.619,0,0.1,0,9.4,15.2,0.623,3.9,4.9,0.79,5.2,14,19.2,4,0.9,1.3,3.5,5.2,22.8,122,115,30.66968325802846
Ausar Thompson,DET,21,63,38,1583,7.1,14.6,0.483,0.6,3.4,0.186,6.4,11.2,0.575,2.2,3.6,0.597,3.9,8.3,12.2,3.6,2.1,1.8,2.6,5.3,16.9,107,115,31.87177185601156
I. Stewart,DET,22,46,45,1423,6.3,12.9,0.487,2.3,5.9,0.383,4,7,0.575,2.2,2.9,0.753,2.5,7.8,10.3,2.5,0.6,1.3,2.2,3.3,17,114,119,22.569360578771015
M. Sasser,DET,23,71,11,1351,7.8,18.2,0.428,3.2,8.5,0.375,4.6,9.7,0.474,2.1,2.4,0.879,0.4,4.1,4.5,8.4,1.6,0.4,3.2,3.7,20.9,108,120,50.314584794463684
J. Wiseman,DET,22,63,6,1091,8.2,13.4,0.613,0,0.1,0,8.2,13.4,0.617,3.2,4.5,0.706,4.9,10,14.8,2.4,0.5,1.7,2.9,6.2,19.7,119,118,45.00393451760005
K. Hayes,DET,22,42,31,1008,5.6,13.5,0.413,1.1,3.5,0.297,4.5,10,0.455,1.6,2.4,0.66,0.5,5.2,5.7,9.8,1.7,1,2.4,3.6,13.8,106,119,30.12108835462707
Bojan Bogdanovic,DET,34,28,27,921,10.4,22.2,0.468,4.5,10.8,0.415,5.9,11.4,0.518,4.2,5.4,0.779,0.7,4.2,4.9,3.7,1.2,0.2,3.3,3,29.5,110,121,36.13161308
S. Curry,GSW,35,74,74,2421,13,28.9,0.45,7.1,17.5,0.408,5.9,11.4,0.515,6,6.5,0.923,0.7,5.9,6.6,7.6,1.1,0.6,4.2,2.3,39.1,119,117,46.313840290246006
K. Thompson,GSW,33,77,63,2284,10.4,24,0.432,5.7,14.7,0.387,4.7,9.3,0.503,2.7,2.9,0.927,0.7,4.6,5.4,3.7,1.1,0.7,2.5,2.7,29.1,113,118,39.45649555003649
B. Podziemski,GSW,20,74,28,1968,6.7,14.7,0.454,2.2,5.8,0.385,4.5,8.9,0.499,1.2,1.9,0.633,2.9,7.6,10.5,6.7,1.5,0.3,2.2,3,16.8,118,115,28.100657785834073
J. Kuminga,GSW,21,74,46,1949,11.3,21.4,0.529,1.3,4.1,0.321,10,17.3,0.578,5.5,7.4,0.746,2.3,6.5,8.8,4,1.4,0.9,3,4.2,29.5,117,116,44.244921354799224
Andrew Wiggins,GSW,28,71,59,1920,8.9,19.7,0.453,2.3,6.4,0.358,6.6,13.3,0.498,3.6,4.8,0.751,2.7,5.4,8.1,3,1.1,1,2.2,3.7,23.7,112,117,37.41447323
C. Paul,GSW,38,58,18,1531,6.5,14.8,0.441,2.5,6.6,0.371,4,8.1,0.498,1.4,1.6,0.827,0.6,6.5,7.1,12.4,2.2,0.2,2.4,3.4,16.8,124,115,28.57965963894456
D. Green,GSW,33,55,52,1490,6,12.1,0.497,1.7,4.2,0.395,4.4,7.9,0.551,1.8,2.4,0.73,2.5,10.5,12.9,10.8,1.8,1.5,4.4,5.4,15.4,116,112,27.305879765520935
K. Looney,GSW,27,74,36,1195,5.6,9.4,0.597,0,0,0,5.6,9.4,0.599,2.3,3.4,0.675,5.8,11.2,17,5.4,1.1,1.2,2,6.3,13.5,134,113,33.64906640784678
T. Jackson-Davis,GSW,23,68,16,1130,10,14.2,0.702,0,0,0,10,14.2,0.704,3.2,5.7,0.561,5.8,8.8,14.6,3.5,1.2,3.3,2.1,4.6,23.1,136,112,47.689993767186266
F. VanVleet,HOU,29,73,73,2684,7.6,18.4,0.416,4.1,10.6,0.387,3.5,7.8,0.454,3.6,4.1,0.86,0.6,4.4,5,10.6,1.8,1.1,2.3,3.3,22.9,123,114,26.003143556764453
Jalen Green,HOU,21,82,82,2601,10.5,24.8,0.423,3.7,11.3,0.332,6.8,13.6,0.498,5.3,6.6,0.804,0.8,7.1,7.9,5.4,1.2,0.5,3.6,2.1,30,107,115,41.9275148
J. Smith,HOU,20,76,76,2424,7.6,16.7,0.454,2.8,7.6,0.363,4.8,9.1,0.53,3,3.7,0.811,2.8,9.5,12.3,2.4,1,1.2,1.8,4,20.9,116,113,26.810652666971617
D. Brooks,HOU,28,72,72,2227,7.2,16.7,0.428,2.9,8.1,0.359,4.3,8.7,0.492,2.7,3.2,0.844,1.2,4.2,5.4,2.6,1.4,0.2,1.9,5.2,19.9,109,116,27.48158290671819
A. Sengun,HOU,21,63,63,2046,12.5,23.3,0.537,0.8,2.6,0.297,11.7,20.6,0.567,5.8,8.3,0.693,4.3,9.6,14,7.4,1.8,1.1,3.8,5,31.6,118,111,40.22852154264879
Amen Thompson,HOU,21,62,23,1388,8.4,15.6,0.536,0.3,2,0.138,8.1,13.6,0.595,3.7,5.4,0.684,5.2,9.1,14.3,5.7,2.7,1.3,3.1,4.9,20.7,118,109,39.99596679172467
Jeff Green,HOU,37,78,6,1307,6.2,13.6,0.456,2,5.9,0.331,4.2,7.6,0.553,4.5,5.5,0.819,1.7,4.9,6.6,2.6,0.6,1.2,1.7,3.7,18.9,119,117,44.92711368429581
A. Holiday,HOU,27,78,1,1269,7.1,15.9,0.446,3.2,8.3,0.387,3.9,7.6,0.51,2.2,2.4,0.921,0.9,3.8,4.7,5.4,1.6,0.2,2,4.8,19.6,117,116,49.500030492200764
J. Tate,HOU,28,65,9,1031,5.1,10.8,0.472,1.1,3.6,0.299,4,7.2,0.559,1.2,1.8,0.667,2.9,6.4,9.3,3,2,0.7,1.7,6.4,12.5,112,113,35.60170602886877
C. Whitmore,HOU,19,47,2,880,11.7,25.7,0.454,4.4,12.1,0.359,7.3,13.6,0.538,4.2,6.2,0.679,2.4,7.5,9.9,1.8,1.7,0.9,2.5,3.5,31.9,109,113,70.17667839230387
T. Haliburton,IND,23,69,68,2224,10.6,22.2,0.477,4.1,11.3,0.364,6.5,10.9,0.595,4.1,4.8,0.855,0.7,5,5.7,16,1.8,1,3.4,1.6,29.5,129,119,36.04860650067514
M. Turner,IND,27,77,77,2076,10.8,20.7,0.524,2.6,7.4,0.358,8.2,13.3,0.615,5.6,7.2,0.773,2.6,9.5,12.1,2.3,0.9,3.3,2.5,5.3,29.8,120,115,41.00594917652062
A. Nesmith,IND,24,72,47,1995,7.4,15,0.496,3.3,7.9,0.419,4.1,7.1,0.581,2.5,3.2,0.781,1.5,5,6.5,2.6,1.5,1.2,1.5,5.7,20.7,123,119,27.098358573839537
O. Toppin,IND,25,82,28,1730,9.1,15.8,0.573,2.8,6.9,0.403,6.3,8.9,0.706,2.1,2.7,0.77,2.3,6.4,8.7,3.5,1.3,1.2,1.9,3.9,23,129,119,37.53704028088867
A. Nembhard,IND,24,68,47,1697,7.2,14.5,0.498,1.7,4.8,0.357,5.5,9.8,0.567,1.3,1.6,0.804,1,2.9,3.9,7.8,1.8,0.2,2.8,4,17.4,114,121,30.248397931191054
B. Mathurin,IND,21,59,19,1538,9.1,20.3,0.446,2.5,6.6,0.374,6.6,13.8,0.481,5.6,6.9,0.821,1.8,5.3,7.2,3.7,1.1,0.4,3,3.6,26.3,110,121,42.35959437745148
B. Hield,IND,31,52,28,1336,8.1,18.3,0.443,4.8,12.6,0.384,3.2,5.6,0.575,1,1.2,0.848,1.2,4.7,5.9,4.9,1.5,1.1,2.2,3.6,22,115,119,34.31635539483409
P. Siakam,IND,29,41,41,1303,12.9,23.5,0.549,1.4,3.7,0.386,11.5,19.8,0.58,4.4,6.3,0.699,3.1,8.5,11.5,5.5,1.1,0.5,2.1,3.8,31.6,123,119,37.43136763305755
T. McConnell,IND,31,71,4,1291,12.1,21.7,0.556,0.7,1.6,0.409,11.4,20.1,0.568,1.8,2.3,0.79,1.3,5.7,7,14.3,2.6,0.3,3.9,2.9,26.6,121,117,61.36431975889423
B. Brown,IND,27,33,33,981,7.2,15.1,0.475,1.6,4.9,0.327,5.6,10.2,0.545,3.2,3.9,0.817,1.2,6.2,7.4,4.8,1.7,0.4,2,3.9,19.1,116,119,26.538632467854182
P. George,LAC,33,74,74,2502,11.5,24.4,0.471,4.8,11.6,0.413,6.7,12.8,0.523,5.2,5.7,0.907,0.7,6.9,7.7,5.2,2.2,0.7,3,4,33,119,114,38.796892310712835
J. Harden,LAC,34,72,72,2470,7,16.4,0.428,3.7,9.8,0.381,3.3,6.7,0.497,6,6.9,0.878,0.7,6.7,7.4,12.3,1.5,1.1,3.7,2.5,23.8,125,116,29.57937353505221
K. Leonard,LAC,32,68,68,2330,12.9,24.6,0.525,3,7.1,0.417,10,17.5,0.569,5.4,6.1,0.885,1.8,7,8.8,5.2,2.4,1.3,2.5,2.1,34.2,124,114,38.124237632708386
N. Powell,LAC,30,76,3,1990,9.3,19.1,0.486,4.1,9.5,0.435,5.1,9.5,0.536,3.5,4.3,0.831,0.4,4.4,4.8,2,1.1,0.5,1.6,3.4,26.2,120,119,37.842546063651604
Terance Mann,LAC,27,75,71,1873,6.7,13,0.515,1.9,5.4,0.348,4.8,7.6,0.633,2.1,2.5,0.832,2.3,4.4,6.7,3.1,1.1,0.4,1.3,3.8,17.3,127,119,27.046393345884734
I. Zubac,LAC,26,68,68,1794,9.3,14.3,0.649,0,0,,9.3,14.3,0.649,3.3,4.6,0.723,5.4,11.8,17.2,2.6,0.6,2.3,2.2,5,21.9,132,113,30.79543898765867
R. Westbrook,LAC,35,68,11,1529,9.7,21.4,0.454,1.4,5,0.273,8.4,16.4,0.509,3.6,5.2,0.688,3,8.1,11.1,9.9,2.4,0.7,4.6,3.9,24.3,107,113,55.178364485445144
A. Coffey,LAC,26,70,13,1460,5.6,11.9,0.472,2.4,6.2,0.38,3.2,5.7,0.571,2.1,2.4,0.859,1,4,5,2.6,1.4,0.5,1.1,3.4,15.7,122,118,29.557798606104306
D. Theis,LAC,31,59,3,1007,7.6,14.2,0.536,1.3,3.4,0.371,6.3,10.7,0.589,1.9,2.5,0.76,4.2,7.8,12,3,1,2.5,2.1,6.2,18.3,122,114,44.71332253175142
A. Davis,LAL,30,76,76,2700,12.6,22.6,0.556,0.5,1.9,0.271,12,20.7,0.582,7.4,9.1,0.816,4.2,12.7,16.9,4.7,1.6,3.1,2.8,3.1,33,124,109,35.742081103584084
A. Reaves,LAL,25,82,57,2629,8.3,17,0.486,2.8,7.6,0.367,5.5,9.4,0.583,4.2,4.9,0.853,1,5.3,6.4,8.1,1.2,0.5,3.1,2.8,23.5,119,118,29.97740067
L. James,LAL,39,71,71,2504,13,24.1,0.54,2.8,6.9,0.41,10.2,17.2,0.592,5.8,7.7,0.75,1.2,8.7,9.8,11.2,1.7,0.7,4.7,1.5,34.6,120,114,39.41319214632422
D. Russell,LAL,27,76,69,2484,9.4,20.7,0.456,4.3,10.4,0.415,5.1,10.2,0.497,3,3.7,0.828,0.5,4,4.5,9.2,1.3,0.7,3,3,26.2,116,118,33.46466578754361
T. Prince,LAL,29,78,49,2108,5.7,12.9,0.442,3.2,8,0.396,2.5,4.9,0.519,1.1,1.5,0.735,0.5,4.7,5.2,2.7,1.3,0.8,1.6,3.3,15.7,108,118,24.224052062114627
R. Hachimura,LAL,25,68,39,1826,9.5,17.6,0.537,2.6,6,0.422,6.9,11.6,0.597,2.6,3.5,0.739,1.5,6.1,7.7,2.1,1.1,0.7,1.2,2.6,24,121,117,32.71016100873426
C. Reddish,LAL,24,48,26,984,4.4,11.3,0.389,1.8,5.3,0.336,2.6,6,0.435,2,2.6,0.759,1.3,3.5,4.8,2.3,2.3,0.7,1.5,3.1,12.6,102,116,29.37359528627301
C. Wood,LAL,28,50,1,872,6.7,14.4,0.466,1.9,6.2,0.307,4.8,8.2,0.587,3.6,5.1,0.702,2.1,11.7,13.9,2.7,0.9,1.8,2.7,3.9,18.9,107,113,47.89866361728916
J. Jackson,MEM,24,66,66,2124,11.9,26.7,0.444,2.7,8.4,0.32,9.2,18.3,0.501,7.8,9.6,0.808,2,6.4,8.4,3.5,1.8,2.4,3.7,5.4,34.2,107,113,46.14436964801774
S. Aldama,MEM,23,61,35,1618,7.5,17.2,0.435,3.2,9.2,0.349,4.3,8,0.534,1.6,2.6,0.621,2.2,8.5,10.6,4.2,1.3,1.6,2.1,2.7,19.8,109,114,33.057442066887674
D. Bane,MEM,25,42,42,1443,12.2,26.3,0.464,4.6,12.2,0.381,7.6,14.1,0.536,4.7,5.5,0.87,1.2,5,6.3,7.8,1.5,0.7,3.8,4.1,33.8,114,116,40.59621573151965
V. Williams,MEM,23,52,33,1436,5.8,12.9,0.446,2.7,7.1,0.378,3.1,5.8,0.529,3.5,4.4,0.8,2,7.9,9.9,6,1.6,1.2,3.1,4.6,17.7,114,114,27.856500347512945
G. Jackson,MEM,19,48,18,1233,9.6,22.3,0.428,4,11.3,0.357,5.5,11,0.502,4.6,6.1,0.752,2.1,5.7,7.8,2.3,1.1,1,2.6,2.5,27.7,107,117,46.05613192034484
J. Konchar,MEM,27,55,23,1173,3.7,8.7,0.423,1.6,5,0.317,2.1,3.7,0.568,0.9,1,0.84,3,7.7,10.7,4.6,2.1,2.1,1.9,3.2,9.8,114,112,22.201678339945467
D. Roddy,MEM,22,48,13,1114,6.8,16.9,0.402,2.1,6.8,0.301,4.7,10.1,0.47,2,2.9,0.687,2.2,6.5,8.8,3.3,1.1,0.5,2.4,3,17.7,98,117,38.024985163470895
Z. Williams,MEM,22,51,15,1038,7.1,17.8,0.397,2.7,8.9,0.307,4.3,8.9,0.487,2.9,3.5,0.827,1.6,6.8,8.5,3.5,1.7,0.4,3.1,4,19.8,98,115,47.287649863071714
L. Kennard,MEM,27,39,22,999,6.9,15.4,0.448,5.2,11.6,0.45,1.7,3.8,0.442,2,2.2,0.889,0.5,5,5.5,6.7,1,0.1,2.6,1.9,21,121,119,31.759431163053147
J. LaRavia,MEM,22,35,6,806,7.2,18.4,0.389,3.2,9.5,0.34,3.9,8.9,0.442,5.5,6.6,0.826,3.1,4.7,7.8,3.5,1.8,0.7,2.7,4.2,23,109,116,44.70629464934445
B. Biyombo,MEM,31,30,27,718,4.6,8.1,0.563,0,0,,4.6,8.1,0.563,1.5,3.1,0.478,3.9,9.1,13,3.5,0.7,2.3,2.6,5.6,10.6,108,114,21.619228637231277
B. Adebayo,MIA,26,71,71,2416,10.9,21,0.521,0.3,0.9,0.357,10.6,20.1,0.528,6,8,0.755,3.3,11.9,15.2,5.7,1.7,1.4,3.3,3.3,28.2,115,109,36.47998618436771
J. Jaquez,MIA,22,75,20,2113,8.1,16.5,0.489,1.5,4.8,0.322,6.5,11.7,0.558,3.4,4.1,0.811,1.9,4.8,6.7,4.6,1.8,0.5,2.6,3.9,21,112,113,33.10756831162757
J. Butler,MIA,34,60,60,2042,9.7,19.4,0.499,1.5,3.5,0.414,8.2,15.8,0.519,9.6,11.2,0.858,2.6,5.2,7.8,7.3,1.9,0.4,2.5,1.7,30.4,129,113,35.173851932789894
D. Robinson,MIA,29,68,36,1905,8,17.7,0.45,4.9,12.4,0.395,3.1,5.3,0.579,2.1,2.4,0.889,0.4,4.1,4.5,5,1.2,0.4,2.5,4.3,22.9,114,115,33.85568419
Caleb Martin,MIA,28,64,23,1756,6.8,15.9,0.431,2.3,6.6,0.349,4.5,9.3,0.489,2.2,2.8,0.778,2.1,5.9,8,4.1,1.3,0.8,2.2,3.6,18.2,107,113,31.43897436824084
T. Herro,MIA,24,42,40,1407,11.5,26.1,0.441,4.7,11.8,0.396,6.8,14.3,0.478,3.4,3.9,0.856,0.7,7.2,7.9,6.7,1.1,0.1,3.3,2.2,31,108,114,41.44527985732012
H. Highsmith,MIA,27,66,26,1366,5.6,12,0.465,2.8,7,0.396,2.8,5,0.562,0.8,1.3,0.639,2.4,5.3,7.7,2.6,1.9,1.1,1.2,4.3,14.8,118,112,29.691105694075294
J. Richardson,MIA,30,43,6,1103,7,15.7,0.444,3,8.6,0.347,4,7.1,0.561,2.3,2.4,0.944,0.8,4.7,5.5,4.7,1.1,0.6,1.6,3.4,19.2,115,115,31.93060246897389
K. Lowry,MIA,37,37,35,1037,5,11.6,0.426,3,7.7,0.385,2,3.9,0.506,1.7,2,0.833,1.2,5,6.2,7.1,1.9,0.7,2.5,4.5,14.6,115,113,23.84903998945933
T. Rozier,MIA,29,31,30,975,9.7,23,0.423,3.4,9.1,0.371,6.3,13.9,0.458,3.2,3.5,0.913,0.9,5.7,6.7,7.4,1.6,0.5,2.1,2.5,26,111,113,37.79439688813306
N. Jovic,MIA,20,46,38,896,7.1,15.6,0.452,3.6,9.1,0.399,3.5,6.6,0.525,1.8,2.6,0.702,1.4,9.3,10.7,5,1.4,0.8,2.3,4.6,19.6,113,111,43.62587148
K. Love,MIA,35,55,5,924,8.5,19.4,0.44,4.5,13.2,0.344,4,6.2,0.643,4.6,5.8,0.787,3.2,15.1,18.2,6.2,1,0.5,2.6,5.2,26.2,121,109,65.20992706326047
D. Lillard,MIL,33,73,73,2579,10.1,23.8,0.424,4.1,11.6,0.354,6,12.2,0.49,8.8,9.6,0.92,0.7,5.3,6,9.5,1.3,0.3,3.6,2.5,33.1,120,118,38.62592267158413
G. Antetokounmpo,MIL,29,73,73,2567,15.7,25.6,0.611,0.6,2.3,0.274,15,23.3,0.645,9.6,14.6,0.657,3.7,12.1,15.7,8.9,1.6,1.5,4.7,3.9,41.6,126,112,45.06480721950546
B. Lopez,MIL,35,79,79,2411,7.3,15,0.485,2.9,8.1,0.366,4.3,7,0.621,2.2,2.7,0.821,2.3,5.8,8.2,2.5,0.9,3.8,1.6,3.8,19.7,121,114,25.15055360782186
M. Beasley,MIL,27,79,77,2337,6.6,14.8,0.443,4.6,11.1,0.413,2,3.7,0.533,0.5,0.7,0.714,0.8,5.1,6,2.2,1.2,0.2,1.1,3.2,18.3,117,118,23.64222544444716
B. Portis,MIL,28,82,4,2008,11.2,22,0.508,2.4,5.9,0.407,8.8,16.1,0.545,2.3,3,0.79,3.4,11.1,14.5,2.5,1.6,0.8,2.2,4.5,27,115,113,44.969841964690204
P. Connaughton,MIL,31,76,3,1676,4.3,9.9,0.435,2.4,6.8,0.345,2,3.1,0.633,1.3,1.7,0.759,1.5,5.4,6.9,4.6,1.1,0.5,1.4,2.8,12.3,120,118,23.57464079967789
K. Middleton,MIL,32,55,55,1487,10.2,20.8,0.493,3,8,0.381,7.2,12.8,0.563,3.2,3.9,0.833,1.3,7,8.3,9.4,1.6,0.5,4.1,4.6,26.8,115,116,42.48005361673625
J. Crowder,MIL,33,50,25,1156,4.7,11.2,0.422,2.4,6.9,0.349,2.3,4.3,0.538,1.1,1.5,0.722,1.3,5.4,6.7,2.7,1.6,0.4,1,3.1,13,114,117,24.001793017357272
A. Edwards,MIN,22,79,78,2770,12.8,27.8,0.461,3.4,9.5,0.357,9.4,18.3,0.515,7.5,9,0.836,0.9,6.7,7.7,7.2,1.8,0.7,4.3,2.5,36.6,112,110,45.44577155486747
R. Gobert,MIN,31,76,76,2593,7.7,11.7,0.661,0,0.1,0,7.7,11.6,0.664,4.7,7.4,0.638,5.4,13.3,18.7,1.9,1,3.1,2.2,4.5,20.2,131,104,22.220178812370694
M. Conley,MIN,36,76,76,2193,6.6,14.5,0.457,4,9.1,0.442,2.6,5.4,0.481,2.3,2.5,0.911,0.8,4.1,4.9,10.1,2,0.4,2.3,2.9,19.6,129,111,27.41248632416392
J. McDaniels,MIN,23,72,71,2105,7.2,14.7,0.489,2,6,0.337,5.2,8.8,0.592,1.3,1.9,0.722,1.3,3.9,5.3,2.4,1.5,1,2,5.1,17.8,108,112,26.505217325023978
K. Towns,MIN,28,62,62,2026,11.7,23.2,0.504,3.3,8,0.416,8.4,15.2,0.55,6.2,7.1,0.873,2.3,10.3,12.6,4.6,1,1,4.3,5,32.9,115,109,41.412800573811445
N. Reid,MIN,24,81,14,1964,10.2,21.4,0.477,4.3,10.3,0.414,6,11.1,0.535,2.7,3.7,0.736,1.8,8.8,10.6,2.7,1.6,1.8,2.8,4.3,27.4,111,107,47.07114359118783
N. Alexander-Walker,MIN,25,82,20,1921,6.1,13.8,0.439,3.4,8.6,0.391,2.7,5.2,0.517,1.3,1.7,0.8,0.9,3.4,4.3,5.2,1.6,1.1,2,3.7,16.9,115,111,31.21421634850223
K. Anderson,MIN,30,79,10,1782,5.5,12,0.46,0.3,1.3,0.229,5.2,10.7,0.488,2.7,3.8,0.708,1.7,5.9,7.6,9.2,2,1.3,2.5,3.6,14,114,109,31.681341340802597
H. Jones,NOP,25,76,76,2321,6.2,12.4,0.498,2.4,5.8,0.418,3.8,6.7,0.568,2.9,3.3,0.867,1.6,4.2,5.7,4.2,2.2,1.3,2,4.7,17.7,124,113,22.588468242212425
Z. Williamson,NOP,23,70,70,2207,13.9,24.3,0.57,0.1,0.4,0.333,13.7,23.9,0.574,7.7,11,0.702,2.7,6.3,9,7.8,1.7,1,4.3,3.5,35.6,119,113,46.15579565
C. McCollum,NOP,32,66,66,2159,11,24,0.459,5.4,12.6,0.429,5.6,11.3,0.492,2.6,3.2,0.827,0.9,5.6,6.5,6.9,1.4,0.9,2.5,2.9,30,118,114,37.126522616954354
B. Ingram,NOP,26,64,64,2103,11.7,23.7,0.492,2,5.6,0.355,9.7,18.1,0.534,5.7,7.2,0.801,1,6.6,7.6,8.5,1.2,0.9,3.8,3.4,31.1,115,114,40.615370767710736
J. Valanciunas,NOP,31,82,82,1925,10.2,18.3,0.559,0.9,3.1,0.308,9.3,15.3,0.609,4.1,5.2,0.785,4.7,13.6,18.4,4.4,0.8,1.7,2.8,5.6,25.5,123,110,43.35512772276949
T. Murphy,NOP,23,57,23,1690,8,18,0.443,4.9,12.9,0.38,3.1,5.1,0.602,3.6,4.4,0.815,1.2,6.9,8.1,3.6,1.5,0.8,1,2,24.4,127,114,30.728837227913242
D. Daniels,NOP,20,61,16,1358,5,11.2,0.447,1.5,4.9,0.311,3.5,6.4,0.551,1.2,1.9,0.642,2.2,6.3,8.5,5.9,3.1,0.9,2.1,3.6,12.8,113,110,27.63254384766221
L. Nance,NOP,31,61,0,1216,5.6,9.7,0.573,1.1,2.6,0.415,4.5,7.1,0.631,1.9,2.5,0.77,3.8,8.6,12.4,4.6,2.5,0.8,2,4,14.1,131,111,27.94283691145063
J. Brunson,NYK,27,77,77,2726,14.6,30.5,0.479,3.9,9.7,0.401,10.7,20.8,0.516,7.8,9.2,0.847,0.8,4.3,5.1,9.6,1.3,0.2,3.4,2.7,40.9,124,117,46.25588876787553
J. Hart,NYK,28,81,42,2707,5.5,12.6,0.434,1.5,4.8,0.31,4,7.8,0.511,1.7,2.1,0.791,2.4,10.2,12.6,6.2,1.4,0.4,2.2,3.2,14.2,115,113,20.303600646217113
D. DiVincenzo,NYK,27,81,63,2360,9.5,21.5,0.443,6,15.1,0.401,3.5,6.4,0.542,1.8,2.4,0.754,1.3,5,6.3,4.6,2.3,0.8,2.4,3.5,26.9,120,113,36.96249316781681
I. Hartenstein,NYK,25,75,49,1896,6.2,9.7,0.644,0,0.1,0.333,6.2,9.6,0.646,3,4.2,0.707,6.5,10.2,16.6,5,2.3,2.3,2.5,5.6,15.5,136,108,23.980083629222076
J. Randle,NYK,29,46,46,1630,12.2,25.9,0.472,2.4,7.5,0.311,9.9,18.3,0.539,7.3,9.3,0.781,3.1,10,13.1,7.1,0.8,0.4,4.9,3.9,34.1,113,114,42.49221355588731
M. McBride,NYK,23,68,14,1328,7.8,17.2,0.452,4.1,10.1,0.41,3.6,7.1,0.511,1.6,1.9,0.86,1.2,2.6,3.8,4.3,1.9,0.3,1.1,4.1,21.3,126,116,42.28392213145771
P. Achiuwa,NYK,24,49,18,1187,6.7,12.7,0.525,0.6,2.1,0.26,6.1,10.6,0.578,1.9,3,0.643,6,8.9,14.9,2.3,1.3,2.4,2.3,4.4,15.8,118,111,29.072259056496414
Q. Grimes,NYK,23,45,18,910,6.3,15.8,0.395,4.3,11.7,0.363,2,4.1,0.486,1.3,1.9,0.706,0.8,4.1,4.9,2.9,1.7,0.2,1.2,3.7,18.1,115,116,38.06114503683225
M. Robinson,NYK,25,31,21,768,4.8,8.3,0.575,0,0,,4.8,8.3,0.575,1.8,4.3,0.409,9.3,7.9,17.3,1.2,2.4,2.3,1.6,3.6,11.4,128,109,20.540036391168425
I. Quickley,NYK,24,30,0,720,10.6,23.5,0.454,4.5,11.3,0.395,6.2,12.1,0.509,5.7,6.6,0.872,0.4,5,5.4,5.2,1.1,0.2,2.2,3.1,31.5,123,117,51.43145278881093
S. Gilgeous-Alexander,OKC,25,75,75,2553,15,28,0.535,1.8,5.1,0.353,13.2,22.9,0.576,10.7,12.2,0.874,1.2,6.6,7.8,8.8,2.8,1.3,3.1,3.5,42.4,129,110,46.44356123066006
C. Holmgren,OKC,21,82,82,2413,10.1,19,0.53,2.6,7,0.37,7.5,12,0.623,4.3,5.5,0.793,2.6,10.3,12.9,4,1.1,3.8,2.6,3.9,27,122,108,35.38609607403158
L. Dort,OKC,24,79,79,2246,6.2,14.1,0.438,3.3,8.5,0.394,2.8,5.6,0.506,2.7,3.3,0.826,1.6,4.5,6.1,2.4,1.5,1,1.6,4.9,18.4,117,114,26.15382576
J. Williams,OKC,22,71,71,2223,11.6,21.5,0.54,2.2,5.2,0.427,9.4,16.3,0.576,3.9,4.8,0.814,0.8,5.3,6.1,7,1.7,1,2.7,3.8,29.3,122,114,36.43140037312371
J. Giddey,OKC,21,80,80,2011,9.6,20.3,0.475,2,5.8,0.337,7.7,14.4,0.53,2.4,3,0.806,2.7,9.6,12.3,9.2,1.2,1.1,4,2.7,23.6,111,112,44.183504576264724
C. Wallace,OKC,20,82,13,1692,6.2,12.6,0.491,2.8,6.6,0.419,3.4,5.9,0.572,0.8,1.1,0.784,1.5,3.8,5.3,3.4,2.2,1.1,1.3,3.7,15.9,122,113,30.220127117924868
I. Joe,OKC,24,78,1,1445,7.4,16.1,0.458,4.9,11.7,0.416,2.5,4.4,0.568,1.5,1.7,0.865,1.1,4.9,6,3.3,1.5,0.7,1.6,2.9,21.2,121,115,43.16971328860057
Aaron Wiggins,OKC,25,78,4,1228,8.3,14.8,0.562,2.4,4.9,0.492,5.9,9.8,0.598,2.2,2.8,0.789,2.3,4.9,7.3,3.4,2.2,0.7,2.2,3.6,21.2,125,113,50.203461994387034
P. Banchero,ORL,21,80,80,2799,11.3,24.9,0.455,2.1,6.2,0.339,9.2,18.7,0.493,7.2,9.9,0.725,1.5,8.3,9.8,7.6,1.3,0.8,4.4,2.7,31.9,109,112,42.04506842226871
F. Wagner,ORL,22,72,72,2337,11.2,23.2,0.482,2,7.1,0.281,9.2,16.1,0.57,5.7,6.8,0.85,1.5,6.5,8.1,5.7,1.6,0.6,2.9,3.6,30.1,116,112,39.17534582754889
J. Suggs,ORL,22,75,75,2025,8.2,17.5,0.471,3.7,9.4,0.397,4.5,8,0.556,2.9,3.8,0.756,1.2,4.4,5.6,5,2.6,1.1,3.2,5,23.1,113,110,36.21650376865339
C. Anthony,ORL,23,81,0,1817,9,20.8,0.435,2.5,7.5,0.338,6.5,13.3,0.49,4.9,5.9,0.826,1.7,6.7,8.5,6.4,1.7,1,3.4,4.8,25.5,110,111,52.21142382238738
M. Wagner,ORL,26,80,1,1415,11.6,19.3,0.601,1.3,4,0.33,10.3,15.3,0.673,5.8,7.1,0.814,4.1,8,12.1,3.4,1.4,0.7,3.4,5.6,30.4,126,112,63.814965121561045
W. Carter,ORL,24,55,48,1406,7.9,15,0.525,2.3,6,0.374,5.6,8.9,0.626,3.3,4.7,0.694,3.9,9.5,13.4,3.3,1.2,1,2.4,4.3,21.2,122,111,33.28619724887561
G. Harris,ORL,29,54,27,1297,5,11.3,0.441,2.9,7.8,0.371,2.1,3.5,0.598,1.3,1.7,0.756,0.9,2.6,3.5,3.3,1.9,0.5,1.2,3.5,14.2,120,114,24.108466095676548
J. Ingles,ORL,36,68,0,1169,4.2,9.6,0.436,3,6.8,0.435,1.2,2.8,0.439,1.2,1.4,0.824,0.8,5.3,6,8.6,1.8,0.2,2.8,3.7,12.5,119,113,33.09309739814873
A. Black,ORL,20,69,33,1164,4.9,10.5,0.466,1.6,4,0.394,3.3,6.5,0.51,2.1,3.4,0.613,1.4,4.5,5.9,3.9,1.5,0.9,2.4,4.7,13.4,108,113,37.299535583120836
G. Bitadze,ORL,24,62,33,957,6.5,10.8,0.603,0.1,0.7,0.143,6.4,10.1,0.636,2.9,4.5,0.655,5.6,9.2,14.8,4.1,1.7,3.7,2.3,5.5,16.1,128,107,42.70183806670867
J. Isaac,ORL,26,58,2,914,7.9,15.5,0.51,2.3,6.1,0.375,5.6,9.4,0.598,3.2,4.4,0.72,4,10.1,14.1,1.6,2.3,3.8,1.5,3.5,21.3,124,105,52.521306244539986
M. Fultz,ORL,25,43,18,910,8.4,17.7,0.472,0.2,1,0.222,8.2,16.8,0.487,1.3,1.8,0.697,3,4.5,7.5,6.5,2.3,0.8,2.7,3.5,18.2,106,112,43.76878435522899
T. Maxey,PHI,23,70,70,2626,12,26.6,0.45,4,10.7,0.373,8,15.9,0.501,6.1,7.1,0.868,0.7,4.2,4.8,8.1,1.3,0.6,2.2,2.8,34,121,117,36.728140884410166
T. Harris,PHI,31,70,70,2368,9.6,19.8,0.487,1.9,5.4,0.353,7.7,14.4,0.537,3.9,4.4,0.878,1.7,7.8,9.4,4.5,1.5,1,1.9,2.4,25,118,114,30.155646839251173
K. Oubre,PHI,28,68,52,2055,9.3,21,0.441,2.4,7.8,0.311,6.8,13.2,0.517,4.2,5.6,0.75,2.3,5.9,8.2,2.4,1.8,1.1,2.1,4.6,25.1,109,114,36.50936005800537
P. Reed,PHI,24,82,24,1590,8,14.9,0.54,0.6,1.8,0.368,7.4,13.1,0.563,1.9,2.6,0.718,6,9.1,15.1,3.4,2.1,2.6,2.1,6.1,18.6,123,110,40.385744234800846
N. Batum,PHI,35,57,38,1475,3.8,8.3,0.456,2.4,5.9,0.399,1.4,2.3,0.6,0.5,0.7,0.714,2.3,5.7,8,4.1,1.5,1.1,1.3,3.5,10.4,127,115,16.525216521468415
J. Embiid,PHI,29,39,39,1309,16.9,32,0.529,2,5.2,0.388,14.9,26.8,0.556,15,17,0.883,3.6,12.6,16.2,8.2,1.7,2.5,5.6,4.2,50.9,124,109,57.967850029064756
D. Melton,PHI,25,38,33,1023,6.7,17.3,0.386,3.7,10.3,0.36,3,7,0.425,3.2,3.8,0.835,1.3,5.4,6.8,5.5,2.9,0.8,1.9,4,20.3,113,113,33.46188129706502
P. Beverley,PHI,35,47,5,919,5.6,12.9,0.432,1.9,5.8,0.321,3.7,7.1,0.523,2.7,3.4,0.81,1.6,6.2,7.8,7.7,1.3,1,2.6,4.4,15.7,115,116,37.515211068767286
B. Hield,PHI,31,32,14,824,8.5,19.9,0.426,4.9,12.6,0.389,3.6,7.3,0.492,1.4,1.6,0.923,1.6,4.5,6.1,5.8,1.6,0.7,2.4,3.9,23.3,114,116,38.557107901176096
K. Durant,PHO,35,75,75,2791,13.1,25.1,0.523,2.9,7.1,0.413,10.2,18,0.567,6.3,7.4,0.856,0.7,7.9,8.7,6.6,1.2,1.6,4.3,2.3,35.5,118,114,38.03747505
G. Allen,PHO,28,75,74,2513,6.6,13.3,0.499,4,8.6,0.461,2.6,4.6,0.57,2.5,2.9,0.878,0.9,4.8,5.7,4.4,1.3,0.9,1.8,3.1,19.7,130,117,21.18477572529755
J. Nurkic,PHO,29,76,76,2078,7.5,14.7,0.51,0.5,2.1,0.244,7,12.6,0.555,3.9,6.1,0.64,5.3,14.4,19.7,7.1,1.9,1.9,4.1,6,19.5,114,108,43.54458279
D. Booker,PHO,27,68,68,2447,12.8,26,0.492,3,8.3,0.364,9.8,17.7,0.552,8.1,9.1,0.886,1.1,5,6.1,9.4,1.2,0.6,3.6,4.1,36.7,124,117,40.477453784525316
E. Gordon,PHO,35,68,24,1893,7.1,15.9,0.443,3.9,10.2,0.378,3.2,5.7,0.561,1.3,1.7,0.797,0.4,2.7,3.1,3.6,1.7,0.8,1.9,2,19.3,112,117,28.880363302759466
B. Beal,PHO,30,53,53,1767,10.4,20.3,0.513,2.8,6.5,0.43,7.6,13.8,0.552,3,3.7,0.813,1.5,4.9,6.4,7.3,1.4,0.7,3.6,3.5,26.6,117,117,33.189703868903834
D. Eubanks,PHO,26,75,6,1169,6.3,10.6,0.601,0.1,0.1,1,6.2,10.4,0.596,3,3.9,0.774,4.3,9.1,13.4,2.6,1.1,2.5,2.5,4.8,15.8,123,113,41.20263469229726
J. Okogie,PHO,25,60,11,960,4.4,10.5,0.417,1.5,4.8,0.309,2.9,5.7,0.509,3.9,5.2,0.745,3.8,4.1,7.8,3.3,2.4,1.2,1.8,3.5,14.1,119,114,39.520555299892614
R. O'Neale,PHO,30,30,8,752,5.7,13.9,0.411,3.8,10.2,0.376,1.9,3.7,0.509,0.6,0.8,0.692,1.4,8.7,10.1,5.3,1.8,1,1.4,3.5,15.8,119,113,27.065778265169246
J. Grant,POR,29,54,54,1830,10.3,22.9,0.451,3,7.4,0.402,7.3,15.5,0.474,6.9,8.4,0.817,1,4.2,5.2,4.1,1.2,0.9,3.1,3.2,30.5,113,120,37.285920993859264
D. Ayton,POR,25,55,55,1784,11.8,20.7,0.57,0,0.3,0.1,11.8,20.5,0.576,1.8,2.2,0.823,4.9,12,16.9,2.5,1.5,1.2,2.7,3,25.5,115,114,31.96627092
S. Henderson,POR,19,62,32,1765,8.6,22.3,0.385,2.4,7.5,0.325,6.2,14.8,0.416,4.7,5.7,0.819,1.5,3.9,5.4,9.4,1.3,0.4,5.9,5.5,24.3,97,120,45.898951215014954
T. Camara,POR,23,70,49,1739,5.6,12.4,0.45,1.6,4.9,0.337,3.9,7.6,0.523,2.1,2.8,0.758,3.9,5.8,9.7,2.5,1.9,0.9,2.4,4.9,15,110,117,27.45936010910028
J. Walker,POR,21,72,23,1700,6.8,14.8,0.46,1.2,4,0.295,5.6,10.7,0.522,3.7,5,0.754,4.4,10.4,14.8,2.1,1.2,0.6,1.9,5,18.5,115,116,34.06039103212184
A. Simons,POR,24,46,46,1582,11.2,26.1,0.43,4.9,12.6,0.385,6.4,13.5,0.472,5.1,5.6,0.916,0.7,4.5,5.2,8,0.7,0.2,3.9,3.1,32.4,113,121,40.16591201432416
M. Thybulle,POR,26,65,19,1487,4.2,10.5,0.397,2.7,7.7,0.346,1.5,2.9,0.535,0.7,1,0.759,1,3.5,4.5,3,3.8,1.6,1.3,3.1,11.8,111,114,22.76606944625587
D. Reath,POR,27,68,20,1214,9.4,20.3,0.461,3.6,10,0.359,5.8,10.3,0.559,2.8,3.8,0.742,3.8,6.4,10.2,2.7,1.3,1.5,2.1,6.5,25.1,116,117,57.372879993887096
M. Brogdon,POR,31,39,25,1121,9.6,21.8,0.44,3.6,8.8,0.412,6,13.1,0.458,4.2,5.1,0.819,1.2,5.3,6.5,9.4,1.2,0.4,2.6,2.6,27,120,120,39.442339756293556
S. Sharpe,POR,20,32,25,1059,8.2,20.2,0.406,2.8,8.4,0.333,5.4,11.8,0.457,4.6,5.5,0.824,2,5.5,7.5,4.4,1.3,0.6,3.4,4.1,23.8,105,119,33.455348698729736
D. Sabonis,SAC,27,82,82,2928,10.5,17.7,0.594,0.5,1.4,0.379,10,16.3,0.613,4.8,6.9,0.704,4.9,13.7,18.6,11.2,1.2,0.8,4.5,4.1,26.4,127,112,30.224739649447905
D. Fox,SAC,26,74,74,2659,13.2,28.3,0.465,3.9,10.6,0.369,9.2,17.7,0.522,5.7,7.7,0.738,1.2,5,6.2,7.6,2.7,0.6,3.5,3.5,35.9,113,114,41.88005425024649
K. Murray,SAC,23,77,77,2588,8.3,18.3,0.454,3.4,9.6,0.358,4.9,8.7,0.56,1.9,2.3,0.831,2,5.9,7.9,2.4,1.5,1.1,1.2,3.8,22,117,116,26.09959275616048
H. Barnes,SAC,31,82,82,2381,7.1,14.9,0.474,3,7.9,0.387,4,7.1,0.571,3.2,4,0.801,1.4,3.7,5.1,2,1.1,0.2,1.2,2,20.4,122,119,26.30481073795501
M. Monk,SAC,25,72,0,1872,10.3,23.2,0.443,3.8,11,0.35,6.4,12.2,0.528,4.4,5.3,0.829,0.7,4.8,5.5,9.6,1.2,1,3.9,4,28.8,113,117,48.41118315
K. Huerter,SAC,25,64,59,1562,7.7,17.4,0.443,3.8,10.6,0.361,3.9,6.8,0.571,1.1,1.5,0.766,1.2,5.8,7,5.2,1.4,0.7,1.6,4.2,20.4,116,116,34.449405199803294
T. Lyles,SAC,28,58,0,1158,6,13.5,0.445,3.5,9.2,0.384,2.5,4.3,0.578,2.1,2.9,0.7,2.6,8.2,10.8,3,0.7,0.8,1.6,3.6,17.6,120,116,35.07733041858608
Davion Mitchell,SAC,25,72,4,1101,6.4,14.2,0.452,2.5,7,0.361,3.9,7.3,0.539,1.3,1.9,0.714,0.8,3.4,4.2,5.9,0.7,0.1,1.9,3.7,16.7,114,120,47.364754688867556
K. Ellis,SAC,24,57,21,978,5.3,11.5,0.461,3.5,8.3,0.417,1.8,3.2,0.578,1.3,1.7,0.743,1.6,4.6,6.2,4.2,2.5,1.4,1.8,5.6,15.4,122,113,35.01464836742845
D. Vassell,SAS,23,68,62,2248,10.5,22.3,0.472,3.5,9.4,0.372,7,12.9,0.544,3.4,4.2,0.801,0.6,4.9,5.5,5.8,1.5,0.5,2.3,1.6,27.9,113,118,33.76057013657848
J. Sochan,SAS,20,74,73,2193,7.4,16.8,0.438,1.5,4.9,0.308,5.8,11.9,0.492,2.4,3.1,0.771,3,7.3,10.3,5.4,1.3,0.9,3,3.6,18.6,104,117,30.13666365368703
Tre Jones,SAS,24,77,48,2138,6.7,13.3,0.505,1.4,4.2,0.335,5.3,9.1,0.584,2.2,2.6,0.856,1.3,5.1,6.4,10.6,1.7,0.2,2.6,2,17.1,123,118,25.903525734400546
V. Wembanyama,SAS,20,71,71,2106,12.4,26.7,0.465,2.9,8.9,0.325,9.5,17.9,0.534,6.6,8.3,0.796,3.6,13.4,17,6.2,2,5.7,5.9,3.4,34.3,104,106,51.57464928
K. Johnson,SAS,24,69,27,2038,9.1,20.1,0.454,3,8.5,0.346,6.1,11.5,0.533,4.1,5.1,0.792,2.2,6.6,8.8,4.5,1.2,0.5,2.3,3.5,25.2,112,118,35.209547310607014
M. Branham,SAS,20,75,29,1594,8.1,18.7,0.432,2.8,8,0.347,5.3,10.7,0.494,1.6,1.9,0.873,0.8,3.6,4.4,4.6,0.8,0.2,2.7,2.8,20.5,101,121,44.15032876434012
Z. Collins,SAS,26,69,29,1526,9.3,19.2,0.484,1.8,5.6,0.32,7.5,13.5,0.552,3.8,5,0.753,3.7,7.8,11.5,6,1.1,1.6,4.1,6.4,24.1,108,116,48.656298566686225
J. Champagnie,SAS,22,74,59,1468,5.3,13,0.408,3.3,9,0.365,2,4,0.504,2.4,3,0.815,1.4,5.3,6.7,3.3,1.6,1.4,1.8,2.5,16.3,111,117,34.290595859391935
C. Osman,SAS,28,72,3,1269,6.9,14.4,0.479,3.2,8.3,0.389,3.7,6.1,0.601,1.3,1.9,0.673,0.9,5.8,6.7,4.5,1.3,0.4,1.8,4,18.3,115,118,40.788979133257435
S. Barnes,TOR,22,60,60,2094,10.3,21.7,0.475,2.3,6.8,0.341,8,14.9,0.536,4.5,5.8,0.781,3.3,8.1,11.4,8.4,1.7,2,3.8,2.7,27.5,114,116,34.29808452585629
G. Trent,TOR,25,71,41,1994,8.7,20.5,0.426,4.3,11,0.393,4.4,9.5,0.464,1.8,2.3,0.771,0.6,3.9,4.6,2.9,1.9,0.2,1.1,2.3,23.6,110,121,34.356082311839195
D. Schroder,TOR,30,51,33,1559,7.7,17.3,0.442,2.4,6.8,0.35,5.3,10.5,0.501,3.9,4.6,0.852,0.7,3.7,4.3,9.7,1.4,0.2,2.6,3.3,21.6,117,122,30.603797337917385
P. Siakam,TOR,29,39,39,1354,11.6,22.2,0.522,1.6,5.2,0.317,10,17,0.584,6,8,0.758,1.9,6.8,8.8,6.8,1.1,0.4,3,3.1,30.8,119,120,35.29895440538333
J. Poeltl,TOR,28,50,50,1319,9.1,13.8,0.656,0,0,,9.1,13.8,0.656,2.2,3.9,0.551,5.3,10.4,15.7,4.6,1.3,2.8,2.8,5.5,20.3,125,115,29.62697470446669
G. Dick,TOR,20,60,17,1268,7.2,16.9,0.425,3.4,9.2,0.365,3.8,7.8,0.495,1.7,1.9,0.863,1,4,5,2.6,1.3,0.1,1.9,3.3,19.4,105,122,39.64756166971739
I. Quickley,TOR,24,38,38,1265,9,21.3,0.422,4.1,10.3,0.395,4.9,11,0.448,4.8,5.8,0.841,0.5,6.5,6.9,9.8,1.3,0.3,2.7,2.9,27,117,120,34.034687985620074
R. Barrett,TOR,23,32,32,1072,12.3,22.2,0.553,2.1,5.4,0.392,10.1,16.8,0.605,4.7,7.5,0.629,1.5,7.7,9.2,5.9,0.9,0.6,3.6,3.8,31.4,114,120,37.066334870224374
O. Anunoby,TOR,26,27,27,900,8.4,17.2,0.489,3.3,8.7,0.374,5.2,8.5,0.608,1.8,2.5,0.717,1.3,4.4,5.7,3.9,1.5,0.7,2.3,3.3,21.9,113,121,26.37059556076478
K. Olynyk,TOR,32,28,19,740,8.5,15.6,0.548,1.6,4.6,0.338,7,11,0.637,4.6,5.5,0.824,2.9,7.3,10.2,8.4,2.4,1.2,4.6,6.4,23.2,118,116,36.521648745661636
C. Sexton,UTA,25,78,51,2075,11.8,24.1,0.487,3,7.6,0.394,8.8,16.6,0.53,7.4,8.6,0.859,1.7,3.1,4.8,8.9,1.4,0.4,3.8,3.6,33.9,122,123,49.80934591
K. George,UTA,20,75,44,2023,7.6,19.4,0.391,3.5,10.5,0.334,4.1,8.9,0.459,4.5,5.3,0.848,0.4,4.7,5,7.9,0.9,0.2,4.5,2.2,23.2,104,124,40.67158679522792
J. Collins,UTA,26,68,66,1901,10.1,18.9,0.532,2.2,5.9,0.371,7.9,13,0.605,3.7,4.7,0.795,4,10.6,14.6,2,1,1.5,2.5,4.8,26.1,121,118,35.10728200047719
L. Markkanen,UTA,26,55,55,1820,11.3,23.6,0.48,4.6,11.6,0.399,6.7,12,0.559,6.6,7.3,0.899,3.2,8.7,11.9,2.9,1.3,0.7,2,2.7,33.9,128,120,36.41321622296818
J. Clarkson,UTA,31,55,19,1682,9.7,23.4,0.413,2.6,8.9,0.294,7.1,14.5,0.485,5.1,5.8,0.881,1.4,4,5.4,7.9,1,0.2,4.2,2.3,27,107,124,41.233210851461536
W. Kessler,UTA,22,64,22,1493,7.4,11.3,0.654,0.1,0.6,0.211,7.3,10.7,0.68,1.8,3,0.602,5.3,10.2,15.5,1.9,1,5,2.1,4.3,16.7,128,114,26.388962054469015
K. Dunn,UTA,29,66,32,1249,5.7,12.1,0.47,1.6,4.3,0.369,4.1,7.8,0.525,0.8,1.2,0.688,1.9,5.4,7.3,9.8,2.6,1.1,3.1,5.2,13.8,116,118,34.757563913815446
S. Fontecchio,UTA,28,50,34,1160,6.7,14.9,0.45,3.8,9.7,0.391,2.9,5.2,0.56,1.3,1.7,0.8,2.2,5.2,7.3,3,1.2,0.7,2.1,3.4,18.5,116,122,31.993059045624054
K. Olynyk,UTA,32,50,8,1019,6.9,12.2,0.562,1.7,4,0.429,5.2,8.2,0.626,3.8,4.5,0.842,3,9,12,10.4,1.8,0.6,3.8,6.3,19.2,130,119,36.896047107591095
J. Poole,WAS,24,78,66,2346,9.8,23.6,0.413,3.7,11.2,0.326,6.1,12.4,0.492,3.8,4.4,0.877,0.6,3.6,4.2,6.8,1.7,0.5,3.7,4.9,27,102,121,40.93970243765429
K. Kuzma,WAS,28,70,70,2281,12.5,26.9,0.463,3.1,9.2,0.336,9.4,17.7,0.53,3.8,4.9,0.775,1.3,8.2,9.5,6.1,0.8,1,3.9,3.1,31.8,103,120,42.59585917
D. Avdija,WAS,23,75,75,2257,8.4,16.6,0.506,1.8,4.9,0.374,6.6,11.8,0.56,4.2,5.7,0.74,1.7,9.4,11.2,5.9,1.2,0.7,3.3,3.8,22.8,112,119,31.361218894442054
C. Kispert,WAS,24,80,22,2067,8.7,18,0.486,4.2,10.9,0.383,4.6,7.1,0.643,2.6,3.6,0.726,0.7,4.4,5.1,3.5,0.9,0.4,2.2,3.2,24.2,114,123,35.509722002755574
Tyus Jones,WAS,27,66,66,1933,7.9,16.1,0.489,2.6,6.2,0.414,5.3,9.9,0.537,0.8,1,0.8,0.5,3.8,4.3,11.7,1.7,0.4,1.6,1.2,19.1,126,121,26.086120606675944
B. Coulibaly,WAS,19,63,15,1715,5.1,11.8,0.435,1.7,5,0.346,3.4,6.7,0.502,2.5,3.6,0.702,1.5,5.5,7,3,1.6,1.3,2.4,3.7,14.5,103,120,24.42044822557012
D. Gafford,WAS,25,45,45,1192,8,11.5,0.69,0,0,,8,11.5,0.69,3.3,4.7,0.706,5.1,9,14.2,2.7,1.7,3.8,1.8,5.8,19.2,137,114,24.43507879681797
L. Shamet,WAS,26,46,5,726,7.6,17.6,0.431,3.4,10.1,0.338,4.2,7.5,0.556,2.4,3,0.826,1,3,4,3.5,1.6,0.6,1.9,4.9,21.1,107,122,55.55997859955521